,ppid,heading,cameraoffset,occlusion,trialn,timestamp,trialtype_signed,World_x,World_z,WorldYaw,SWV,SWA,YawRate_seconds,TurnAngle_frames,Distance_frames,dt,StraightVisible,setpoint
2,k,-1.0,0,0,0,3.048527139670039,2,0.0,-0.0,0.0,0.0,0.0,0.0,0.0,0.0,0.08868218364538816,False,0
3,k,-1.0,0,0,0,3.0538768788702533,2,0.0,-0.0,0.0,0.0,0.0,0.0,0.0,0.0,0.005351790480581986,False,0
4,k,-1.0,0,0,0,3.0596705151421415,2,0.0,-0.0,0.0,0.0,0.0,0.0,0.0,0.0,0.005800200369066477,False,0
5,k,-1.0,0,0,0,3.0645345111511704,2,0.0,-0.0,0.0,0.0,0.0,0.0,0.0,0.0,0.004866867801544217,False,0
6,k,-1.0,0,0,0,3.070222711612134,2,0.0,-0.0,0.0,0.0,0.0,0.0,0.0,0.0,0.005652097926483801,False,0
7,k,-1.0,0,0,0,3.0868594159102227,2,0.0,-0.0,0.0,0.0,0.0,0.0,0.0,0.0,0.016650653004592453,False,0
8,k,-1.0,0,0,0,3.103851812224154,2,0.0,-0.0,0.0,0.0,0.0,0.0,0.0,0.0,0.016911575867424755,False,0
9,k,-1.0,0,0,0,3.1202107731603914,2,0.0,-0.0,0.0,0.0,0.0,0.0,0.0,0.0,0.016438550614522818,False,0
10,k,-1.0,0,0,0,3.136882759480813,2,0.0,-0.0,0.0,0.0,0.0,0.0,0.0,0.0,0.016653935053181357,False,0
11,k,-1.0,0,0,0,3.1535387458143624,2,0.0,-0.0,0.0,0.0,0.0,0.0,0.0,0.0,0.016671165808274324,False,0
12,k,-1.0,0,0,0,3.170182424465703,2,0.0,-0.0,0.0,0.0,0.0,0.0,0.0,0.0,0.016638345322383064,False,0
13,k,-1.0,0,0,0,3.186927846623305,2,0.0,-0.0,0.0,0.0,0.0,0.0,0.0,0.0,0.01671875551281632,False,0
14,k,-1.0,0,0,0,3.2034714227926786,2,0.0,-0.0,0.0,0.0,0.0,0.0,0.0,0.0,0.016586242801031492,False,0
15,k,-1.0,0,0,0,3.2201881270251267,2,0.0,-0.0,0.0,0.0,0.0,0.0,0.0,0.0,0.01670357603809114,False,0
16,k,-1.0,0,0,0,3.236837549261498,2,0.0,-0.0,0.0,0.0,0.0,0.0,0.0,0.0,0.016654755565328916,False,0
17,k,-1.0,0,0,0,3.2534644074138197,2,0.0,-0.0,0.0,0.0,0.0,0.0,0.0,0.0,0.016639165834530623,False,0
18,k,-1.0,0,0,0,3.270147470648229,2,0.0,-0.0,0.0,0.0,0.0,0.0,0.0,0.0,0.016670345296126765,False,0
19,k,-1.0,0,0,0,3.286793200579938,2,0.0,-0.0,0.0,0.0,0.0,0.0,0.0,0.0,0.016646140187782432,False,0
20,k,-1.0,0,0,0,3.3035406740179085,2,0.0,-0.0,0.0,0.0,0.0,0.0,0.0,0.0,0.016736806780055957,False,0
21,k,-1.0,0,0,0,3.320167121914156,2,0.0,-0.0,0.0,0.0,0.0,0.0,0.0,0.0,0.01662849917661635,False,0
22,k,-1.0,0,0,0,3.3367829031524896,2,0.0,-0.0,0.0,0.0,0.0,0.0,0.0,0.0,0.016637935066309506,False,0
23,k,-1.0,0,0,0,3.3534655561308258,2,0.0,-0.0,0.0,0.0,0.0,0.0,0.0,0.0,0.016668704271832535,False,0
24,k,-1.0,0,0,0,3.3701297475858483,2,0.0,-0.0,0.0,0.0,0.0,0.0,0.0,0.0,0.016668294015758534,False,0
25,k,-1.0,0,0,0,3.386779580078293,2,0.0,-0.0,0.0,0.0,0.0,0.0,0.0,0.0,0.01664203762704597,False,0
26,k,-1.0,0,0,0,3.403439668972579,2,0.0,-0.0,0.0,0.0,0.0,0.0,0.0,0.0,0.016663781198948957,False,0
27,k,-1.0,0,0,0,3.4201231424630625,2,0.0,-0.0,0.0,0.0,0.0,0.0,0.0,0.0,0.016679370929746806,False,0
28,k,-1.0,0,0,0,3.4367520518957524,2,0.0,-0.0,0.0,0.0,0.0,0.0,0.0,0.0,0.01664490941956176,False,0
29,k,-1.0,0,0,0,3.4534494740927393,2,0.0,-0.0,0.0,0.0,0.0,0.0,0.0,0.0,0.0166855247708515,False,0
30,k,-1.0,0,0,0,3.470062383538557,2,0.0,-0.0,0.0,0.0,0.0,0.0,0.0,0.0,0.016623986359805887,False,0
31,k,-1.0,0,0,0,3.4868110877447487,2,0.0,-0.0,0.0,0.0,0.0,0.0,0.0,0.0,0.016724088841773455,False,0
32,k,-1.0,0,0,0,3.5035458432444364,2,0.0,-0.0,0.0,0.0,0.0,0.0,0.0,0.0,0.016694550404471098,False,0
33,k,-1.0,0,0,0,3.520050855342888,2,0.0,-0.0,0.0,0.0,0.0,0.0,0.0,0.0,0.016569422302012526,False,0
34,k,-1.0,0,0,0,3.5367544313809796,2,0.0,-0.0,0.0,0.0,0.0,0.0,0.0,0.0,0.01669742219698689,False,0
35,k,-1.0,0,0,0,3.5533972895201726,2,0.0,-0.0,0.0,0.0,0.0,0.0,0.0,0.0,0.016631781225205255,False,0
36,k,-1.0,0,0,0,3.5700795322424352,2,0.0,-0.0,0.0,0.0,0.0,0.0,0.0,0.0,0.016689627331587964,False,0
37,k,-1.0,0,0,0,3.586831928753289,2,0.0,-0.0,0.0,0.0,0.0,0.0,0.0,0.0,0.01670890936704872,False,0
38,k,-1.0,0,0,0,3.603372633130147,2,0.0,-0.0,0.0,0.0,0.0,0.0,0.0,0.0,0.01658665305710505,False,0
39,k,-1.0,0,0,0,3.620120927080265,2,0.0,-0.0,0.0,0.0,0.0,0.0,0.0,0.0,0.016719576024963434,False,0
40,k,-1.0,0,0,0,3.6367982467296436,2,0.0,-0.0,0.0,0.0,0.0,0.0,0.0,0.0,0.016646960699929547,False,0
41,k,-1.0,0,0,0,3.653427566418407,2,0.0,-0.0,0.0,0.0,0.0,0.0,0.0,0.0,0.01667896067367325,False,0
42,k,-1.0,0,0,0,3.6700892963369878,2,0.0,-0.0,0.0,0.0,0.0,0.0,0.0,0.0,0.016656806845697147,False,0
43,k,-1.0,0,0,0,3.6867054878313947,2,0.0,-0.0,0.0,0.0,0.0,0.0,0.0,0.0,0.016628909432689465,False,0
44,k,-1.0,0,0,0,3.7034242433442106,2,0.0,-0.0,0.0,0.0,0.0,0.0,0.0,0.0,0.01665106326066601,False,0
45,k,-1.0,0,0,0,3.720133562967333,2,0.0,-0.0,0.0,0.0,0.0,0.0,0.0,0.0,0.016746242669749556,False,0
46,k,-1.0,0,0,0,3.7368449338708234,2,0.0,-0.0,0.0,0.0,0.0,0.0,0.0,0.0,0.01664162737097241,False,0
47,k,-1.0,0,0,0,3.7533380485431396,2,0.0,-0.0,0.0,0.0,0.0,0.0,0.0,0.0,0.016597729971093322,False,0
48,k,-1.0,0,0,0,3.770018239985034,2,0.0,-0.0,0.0,0.0,0.0,0.0,0.0,0.0,0.016666652991464304,False,0
49,k,-1.0,0,0,0,3.7866717647821417,2,0.0,-0.0,0.0,0.0,0.0,0.0,0.0,0.0,0.016670755552200767,False,0
50,k,-1.0,0,0,0,3.803435238206984,2,0.0,-0.0,0.0,0.0,0.0,0.0,0.0,0.0,0.016702755525944024,False,0
51,k,-1.0,0,0,0,3.820009993837954,2,0.0,-0.0,0.0,0.0,0.0,0.0,0.0,0.0,0.01662603764017412,False,0
52,k,-1.0,0,0,0,3.83672874935077,2,0.0,0.1332971155643463,0.0,0.0,0.0,0.0,0.0,0.13329712139723426,0.016662140174654283,False,0
53,k,-1.0,0,0,0,3.85340853053659,2,0.0,0.2669224441051483,0.0,0.0,0.0,0.0,0.0,0.1336253262561442,0.016703165782018026,False,0
54,k,-1.0,0,0,0,3.870075593784128,2,0.0,0.3999832570552826,0.0,0.0,0.0,0.0,0.0,0.13306081389881896,0.01663260173735237,False,0
55,k,-1.0,0,0,0,3.8869461440441895,2,0.0,0.5335954427719116,0.0,0.0,0.0,0.0,0.0,0.1336121980617868,0.01670152475772335,False,0
56,k,-1.0,0,0,0,3.90377484818474,2,0.0,0.6691374778747559,0.0,0.0,0.0,0.0,0.0,0.13554204263217073,0.016942755329021342,False,0
57,k,-1.0,0,0,0,3.919982834885879,2,0.0,0.7996711134910583,0.0,0.0,0.0,0.0,0.0,0.13053363648522165,0.016316704560652706,False,0
58,k,-1.0,0,0,0,3.936673692985688,2,0.0,0.9330962300300598,0.0,0.0,0.0,0.0,0.0,0.13342512129220552,0.01667814016152569,False,0
59,k,-1.0,0,0,0,3.953317781893102,2,0.0,1.0662161111831665,0.0,0.0,0.0,0.0,0.0,0.13311989077342545,0.01663998634667818,False,0
60,k,-1.0,0,0,0,3.970049255344201,2,0.0,1.1998939514160156,0.0,0.0,0.0,0.0,0.0,0.13367783903356667,0.016709729879195834,False,0
61,k,-1.0,-1.0,0,0,3.9866535494124724,2,0.0,1.3328596353530884,0.0,0.0,0.0,0.0,0.0,0.13296563448973586,0.016620704311216983,False,0
62,k,-1.0,-1.0,0,0,4.003436715128849,2,0.0,1.4667868614196777,0.0,0.0,0.0,0.0,0.0,0.13392727472633936,0.01674090934079242,False,0
63,k,-1.0,-1.0,0,0,4.019952393885215,2,0.0,1.5993980169296265,0.0,0.0,0.0,0.0,0.0,0.13261117324211114,0.016576396655263892,False,0
64,k,-1.0,-1.0,0,0,4.036759764709936,2,0.0,1.7333351373672485,0.0,0.0,0.0,0.0,0.0,0.13393712087210474,0.016742140109013093,False,0
65,k,-1.0,-1.0,0,0,4.053284879355997,2,0.0,1.866002082824707,0.0,0.0,0.0,0.0,0.0,0.13266696806812917,0.016583371008516146,False,0
66,k,-1.0,-1.0,0,0,4.069960557981081,2,0.0,1.9994239807128906,0.0,0.0,0.0,0.0,0.0,0.13342183924362416,0.01667772990545302,False,0
67,k,-1.0,-1.0,0,0,4.086635826350091,2,0.0,2.132770299911499,0.0,0.0,0.0,0.0,0.0,0.13334635212606827,0.016668294015758534,False,0
68,k,-1.0,-1.0,0,0,4.103263915270634,2,0.0,2.2659032344818115,0.0,0.0,0.0,0.0,0.0,0.13313301896777574,0.016641627370971968,False,0
69,k,-1.0,-1.0,0,0,4.1199564143947365,2,0.0,2.399357795715332,0.0,0.0,0.0,0.0,0.0,0.13345465972951587,0.016681832466189483,False,0
70,k,-1.0,-1.0,0,0,4.145832495727183,2,0.0,2.6065633296966553,0.0,0.0,0.0,0.0,0.0,0.20720557357491032,0.02590069669686379,False,0
71,k,-1.0,-1.0,0,0,4.1533364895700595,2,0.0,2.666093111038208,0.0,0.0,0.0,0.0,0.0,0.0595297973088833,0.007441224663610413,False,0
72,k,-1.0,-1.0,0,0,4.169929296468269,2,0.0,2.799147367477417,0.0,0.0,0.0,0.0,0.0,0.1330542498016456,0.0166317812252057,False,0
73,k,-1.0,-1.0,0,0,4.1866258981531095,2,0.0,2.932588815689087,0.0,0.0,0.0,0.0,0.0,0.13344153153514782,0.016680191441893477,False,0
74,k,-1.0,-1.0,0,0,4.2033192177893595,2,0.0,3.0658695697784424,0.0,0.0,0.0,0.0,0.0,0.13328071115429196,0.016660088894286496,False,0
75,k,-1.0,-1.0,0,0,4.219969050281805,2,0.0,3.1991732120513916,0.0,0.0,0.0,0.0,0.0,0.13330368549441118,0.016662960686801398,False,0
76,k,-1.0,-1.0,0,0,4.236687805794621,2,0.0,3.33270001411438,0.0,0.0,0.0,0.0,0.0,0.1335268647984691,0.016690858099808636,False,0
77,k,-1.0,-1.0,0,0,4.253373740821546,2,0.0,3.4660069942474365,0.0,0.0,0.0,0.0,0.0,0.13330696754299964,0.016663370942874955,False,0
78,k,-1.0,-1.0,0,0,4.269964906695461,2,0.0,3.5991103649139404,0.0,0.0,0.0,0.0,0.0,0.1331034805304796,0.01663793506630995,False,0
79,k,-1.0,-1.0,0,0,4.286600790481403,2,0.0,3.7324106693267822,0.0,0.0,0.0,0.0,0.0,0.13330040344582272,0.01666255043072784,False,0
80,k,-1.0,-1.0,0,0,4.303300263958758,2,0.0,3.865816116333008,0.0,0.0,0.0,0.0,0.0,0.13340542900067476,0.016675678625084345,False,0
81,k,-1.0,-1.0,0,0,4.319911942636355,2,0.0,3.9989261627197266,0.0,0.0,0.0,0.0,0.0,0.13311004462765652,0.016638755578457065,False,0
82,k,-1.0,-1.0,0,0,4.336585159724997,2,0.0,4.132311820983887,0.0,0.0,0.0,0.0,0.0,0.1333857367091369,0.01667321708864211,False,0
83,k,-1.0,-1.0,0,0,4.353221043510938,2,0.0,4.265477657318115,0.0,0.0,0.0,0.0,0.0,0.13316583945367455,0.01664572993170932,False,0
84,k,-1.0,-1.0,0,0,4.369892619575286,2,0.0,4.398800849914551,0.0,0.0,0.0,0.0,0.0,0.13332337778594194,0.016665422223242743,False,0
85,k,-1.0,-1.0,0,0,4.386542041811658,2,0.0,4.532032489776611,0.0,0.0,0.0,0.0,0.0,0.13323148042545085,0.016653935053181357,False,0
86,k,-1.0,-1.0,0,0,4.403317412662636,2,0.0,4.6655168533325195,0.0,0.0,0.0,0.0,0.0,0.133484198166812,0.0166855247708515,False,0
87,k,-1.0,-1.0,0,0,4.419861809344156,2,0.0,4.798616886138916,0.0,0.0,0.0,0.0,0.0,0.13310019848189114,0.016637524810236393,False,0
88,k,-1.0,-1.0,0,0,4.436555128980407,2,0.0,4.931976318359375,0.0,0.0,0.0,0.0,0.0,0.1333594803204221,0.016669935040052763,False,0
89,k,-1.0,-1.0,0,0,4.45325214092132,2,0.0,5.065421104431152,0.0,0.0,0.0,0.0,0.0,0.13344481358374338,0.016680601697967923,False,0
90,k,-1.0,-1.0,0,0,4.469850281148487,2,0.0,5.19849157333374,0.0,0.0,0.0,0.0,0.0,0.1330706600445879,0.016633832505573487,False,0
91,k,-1.0,-1.0,0,0,4.486533344382897,2,0.0,5.331873893737793,0.0,0.0,0.0,0.0,0.0,0.13338245466054843,0.016672806832568554,False,0
92,k,-1.0,-1.0,0,0,4.503179074314605,2,0.0,5.465135097503662,0.0,0.0,0.0,0.0,0.0,0.1332610188627541,0.016657627357844262,False,0
93,k,-1.0,-1.0,0,0,4.519906855461041,2,0.0,5.598593235015869,0.0,0.0,0.0,0.0,0.0,0.13345794177810433,0.01668224272226304,False,0
94,k,-1.0,-1.0,0,0,4.536757303173495,2,0.0,5.732336521148682,0.0,0.0,0.0,0.0,0.0,0.13374348000535008,0.01671793500066876,False,0
95,k,-1.0,-1.0,0,0,4.553190930715134,2,0.0,5.865115165710449,0.0,0.0,0.0,0.0,0.0,0.13277855772015812,0.016597319715019765,False,0
96,k,-1.0,-1.0,0,0,4.56987358369347,2,0.0,5.998487949371338,0.0,0.0,0.0,0.0,0.0,0.13337260851478305,0.01667157606434788,False,0
97,k,-1.0,-1.0,0,0,4.586489364931803,2,0.0,6.131575107574463,0.0,0.0,0.0,0.0,0.0,0.1330870702875302,0.016635883785941274,False,0
98,k,-1.0,-1.0,0,0,4.603127299998113,2,0.0,6.264822959899902,0.0,0.0,0.0,0.0,0.0,0.13324789066839315,0.016655986333549144,False,0
99,k,-1.0,-1.0,0,0,4.620009337428236,2,0.0,6.39871072769165,0.0,0.0,0.0,0.0,0.0,0.13388789014327074,0.016735986267908842,False,0
100,k,-1.0,-1.0,0,0,4.636911067149893,2,0.0,6.532903671264648,0.0,0.0,0.0,0.0,0.0,0.13419312066205435,0.016774140082756794,False,0
101,k,-1.0,-1.0,0,0,4.65700581989266,2,0.0,6.695387840270996,0.0,0.0,0.0,0.0,0.0,0.1624843795000004,0.02031054743750005,False,0
102,k,-1.0,-1.0,0,0,4.669900578543115,2,0.0,6.798627853393555,0.0,0.0,0.0,0.0,0.0,0.10324012041836284,0.012905015052295354,False,0
103,k,-1.0,-1.0,0,0,4.686468359820833,2,0.0,6.931448936462402,0.0,0.0,0.0,0.0,0.0,0.1328212243518152,0.0166026530439769,False,0
104,k,-1.0,-1.0,0,0,4.703376653639669,2,0.0,7.065359592437744,0.0,0.0,0.0,0.0,0.0,0.13391086448338996,0.016738858060423745,False,0
105,k,-1.0,-1.0,0,0,4.719795511962657,2,0.0,7.1980299949646,0.0,0.0,0.0,0.0,0.0,0.13267025011671763,0.016583781264589703,False,0
106,k,-1.0,-1.0,0,0,4.736645549419037,2,0.0,7.331908226013184,0.0,0.0,0.0,0.0,0.0,0.13387804399750536,0.01673475549968817,False,0
107,k,-1.0,-1.0,0,0,4.753124305128775,2,0.0,7.464650630950928,0.0,0.0,0.0,0.0,0.0,0.13274245518567795,0.016592806898209744,False,0
108,k,-1.0,-1.0,0,0,4.769813111948216,2,0.0,7.598029613494873,0.0,0.0,0.0,0.0,0.0,0.13337917261195997,0.016672396576494997,False,0
109,k,-1.0,-1.0,0,0,4.786607764834654,2,0.0,7.731690883636475,0.0,0.0,0.0,0.0,0.0,0.13366142879062437,0.016707678598828046,False,0
110,k,-1.0,-1.0,0,0,4.803113597445253,2,0.0,7.864577770233154,0.0,0.0,0.0,0.0,0.0,0.1328868653235986,0.016610858165449827,False,0
111,k,-1.0,-1.0,0,0,4.8197564555844465,2,0.0,7.99778938293457,0.0,0.0,0.0,0.0,0.0,0.133211788133913,0.016651473516739124,False,0
112,k,-1.0,-1.0,0,0,4.836427211136647,2,0.0,8.13118839263916,0.0,0.0,0.0,0.0,0.0,0.13339886490349784,0.01667485811293723,False,0
113,k,-1.0,-1.0,0,0,4.853134889735475,2,0.0,8.26458740234375,0.0,0.0,0.0,0.0,0.0,0.13339886490349784,0.01667485811293723,False,0
114,k,-1.0,-1.0,0,0,4.869797440166203,2,0.0,8.397854804992676,0.0,0.0,0.0,0.0,0.0,0.13326758295993102,0.016658447869991377,False,0
115,k,-1.0,-1.0,0,0,4.886514964910798,2,0.0,8.531696319580078,0.0,0.0,0.0,0.0,0.0,0.1338419414630181,0.01673024268287726,False,0
116,k,-1.0,-1.0,0,0,4.903101617967903,2,0.0,8.664376258850098,0.0,0.0,0.0,0.0,0.0,0.1326800962624901,0.016585012032811264,False,0
117,k,-1.0,-1.0,0,0,4.920486629344304,2,0.0,8.801989555358887,0.0,0.0,0.0,0.0,0.0,0.1376130152918833,0.017201626911485413,False,0
118,k,-1.0,-1.0,0,0,4.936397180392057,2,0.0,8.930862426757812,0.0,0.0,0.0,0.0,0.0,0.12887291989914473,0.01610911498739309,False,0
119,k,-1.0,-1.0,0,0,4.95308516669935,2,0.0,9.064323425292969,0.0,0.0,0.0,0.0,0.0,0.13346122382668568,0.01668265297833571,False,0
120,k,-1.0,-1.0,0,0,4.969910588791311,2,0.0,9.198007583618164,0.0,0.0,0.0,0.0,0.0,0.1336844031307436,0.01671055039134295,False,0
121,k,-1.0,-1.0,0,0,4.986418882938352,2,0.0,9.330901145935059,0.0,0.0,0.0,0.0,0.0,0.13289342942077553,0.01661167867759694,False,0
122,k,-1.0,-1.0,0,0,5.003044920578526,2,0.0,9.46406364440918,0.0,0.0,0.0,0.0,0.0,0.1331625574050861,0.01664531967563576,False,0
123,k,-1.0,-1.0,0,0,5.019727573556863,2,0.0,9.597528457641602,0.0,0.0,0.0,0.0,0.0,0.13346450587527414,0.016683063234409268,False,0
124,k,-1.0,-1.0,0,0,5.036444688045384,2,0.0,9.730871200561523,0.0,0.0,0.0,0.0,0.0,0.1333430700774798,0.016667883759684976,False,0
125,k,-1.0,-1.0,0,0,5.05306416158838,2,0.0,9.86412525177002,0.0,0.0,0.0,0.0,0.0,0.13325445476557718,0.016656806845697147,False,0
126,k,-1.0,-1.0,0,0,5.069757481224631,2,0.0,9.997481346130371,0.0,0.0,0.0,0.0,0.0,0.13335619827183365,0.016669524783979206,False,0
127,k,-1.0,-1.0,0,0,5.086342903513515,2,0.0,10.130541801452637,0.0,0.0,0.0,0.0,0.0,0.13306081389882252,0.016632601737352815,False,0
128,k,-1.0,-1.0,0,0,5.103074787220687,2,0.0,10.264098167419434,0.0,0.0,0.0,0.0,0.0,0.13355640323577234,0.016694550404471542,False,0
129,k,-1.0,-1.0,0,0,5.1197242094570585,2,0.0,10.397316932678223,0.0,0.0,0.0,0.0,0.0,0.13321835223109701,0.016652294028887127,True,0.0
130,k,-1.0,-1.0,0,0,5.136389631680302,2,0.0,10.530577659606934,0.0,0.0,0.0,0.0,0.0,0.1332610188627541,0.016657627357844262,True,0.0
131,k,-1.0,-1.0,0,0,5.153106746168824,2,0.0,10.664468765258789,0.0,0.0,0.0,0.0,0.0,0.1338911721918592,0.0167363965239824,True,0.0
132,k,-1.0,-1.0,0,0,5.169882937531948,2,0.0,10.797592163085938,0.0,0.0,0.0,0.0,0.0,0.13312317282201036,0.016640396602751295,True,0.0
133,k,-1.0,-1.0,0,0,5.190989381752302,2,0.0,10.967703819274902,0.0,0.0,0.0,0.0,0.0,0.17011186042103787,0.021263982552629734,True,0.0
134,k,-1.0,-1.0,0,0,5.2031559358720525,2,0.0,11.064231872558594,0.0,0.0,0.0,0.0,0.0,0.0965283310536762,0.012066041381709525,True,0.0
135,k,-1.0,-1.0,0,0,5.219662999250873,2,0.0,11.197013854980469,0.0,0.0,0.0,0.0,0.0,0.13278183976874658,0.016597729971093322,True,0.0
136,k,-1.0,-1.0,0,0,5.236459293161605,2,0.0,11.330832481384277,0.0,0.0,0.0,0.0,0.0,0.13381896712289887,0.01672737089036236,True,0.0
137,k,-1.0,-1.0,0,0,5.25299507446558,2,0.0,11.46364688873291,0.0,0.0,0.0,0.0,0.0,0.13281466025463828,0.016601832531829785,True,0.0
138,k,-1.0,-1.0,0,0,5.269645727470173,2,0.0,11.59685230255127,0.0,0.0,0.0,0.0,0.0,0.13320522403673607,0.01665065300459201,True,0.0
139,k,-1.0,-1.0,0,0,5.286316893278446,2,0.0,11.73015308380127,0.0,0.0,0.0,0.0,0.0,0.13330040344582272,0.01666255043072784,True,0.0
140,k,-1.0,-1.0,0,0,5.30295523860083,2,0.0,11.863407135009766,0.0,0.0,0.0,0.0,0.0,0.13325445476557718,0.016656806845697147,True,0.0
141,k,-1.0,-1.0,0,0,5.319664147967878,2,0.0,11.996878623962402,0.0,0.0,0.0,0.0,0.0,0.13347106997245817,0.01668388374655727,True,0.0
142,k,-1.0,-1.0,0,0,5.336273365109034,2,0.0,12.129949569702148,0.0,0.0,0.0,0.0,0.0,0.1330706600445879,0.016633832505573487,True,0.0
143,k,-1.0,-1.0,0,0,5.353310069078917,2,0.0,12.264120101928711,0.0,0.0,0.0,0.0,0.0,0.13417014632192803,0.016771268290241004,True,0.0
144,k,-1.0,-1.0,0,0,5.3696095428844774,2,0.0,12.396576881408691,0.0,0.0,0.0,0.0,0.0,0.1324569169584251,0.016557114619803137,True,0.0
145,k,-1.0,-1.0,0,0,5.386558862310677,2,0.0,12.530688285827637,0.0,0.0,0.0,0.0,0.0,0.13411106944732865,0.01676388368091608,True,0.0
146,k,-1.0,-1.0,0,0,5.402974438585076,2,0.0,12.663361549377441,0.0,0.0,0.0,0.0,0.0,0.13267353216530609,0.01658419152066326,True,0.0
147,k,-1.0,-1.0,0,0,5.419813809383541,2,0.0,12.79708194732666,0.0,0.0,0.0,0.0,0.0,0.13372050566523086,0.016715063208153857,True,0.0
148,k,-1.0,-1.0,0,0,5.436378718868744,2,0.0,12.92998218536377,0.0,0.0,0.0,0.0,0.0,0.13289999351795245,0.016612499189744057,True,0.0
149,k,-1.0,-1.0,0,0,5.45291367966057,2,0.0,13.063078880310059,0.0,0.0,0.0,0.0,0.0,0.13309691643329558,0.016637114554161947,True,0.0
150,k,-1.0,-1.0,0,0,5.469760845324434,2,0.0,13.196890830993652,0.0,0.0,0.0,0.0,0.0,0.13381240302572195,0.016726550378215244,True,0.0
151,k,-1.0,-1.0,0,0,5.486291703555525,2,0.0,13.329827308654785,0.0,0.0,0.0,0.0,0.0,0.13293609605243262,0.016617012006554077,True,0.0
152,k,-1.0,-1.0,0,0,5.512256400199877,2,0.0,13.53787612915039,0.0,0.0,0.0,0.0,0.0,0.20804906006231505,0.02600613250778938,True,0.0
153,k,-1.0,-1.0,0,0,5.519525727568634,2,0.0,13.596109390258789,0.0,0.0,0.0,0.0,0.0,0.05823338811619294,0.007279173514524118,True,0.0
154,k,-1.0,-1.0,0,0,5.536502123895693,2,0.0,13.73028564453125,0.0,0.0,0.0,0.0,0.0,0.13417671041910495,0.01677208880238812,True,0.0
155,k,-1.0,-1.0,0,0,5.552904161719662,2,0.0,13.862916946411133,0.0,0.0,0.0,0.0,0.0,0.132630865533649,0.016578858191706125,True,0.0
156,k,-1.0,-1.0,0,0,5.56973819918917,2,0.0,13.99668025970459,0.0,0.0,0.0,0.0,0.0,0.13376317229688794,0.016720396537110993,True,0.0
157,k,-1.0,-1.0,0,0,5.586318288149097,2,0.0,14.129776954650879,0.0,0.0,0.0,0.0,0.0,0.13309691643329558,0.016637114554161947,True,0.0
158,k,-1.0,-1.0,0,0,5.6030046334320955,2,0.0,14.263087272644043,0.0,0.0,0.0,0.0,0.0,0.1333102495915952,0.0166637811989494,True,0.0
159,k,-1.0,-1.0,0,0,5.619606876219999,2,0.0,14.39622974395752,0.0,0.0,0.0,0.0,0.0,0.13314286511354112,0.01664285813919264,True,0.0
160,k,-1.0,-1.0,0,0,5.636490144418343,2,0.0,14.53064250946045,0.0,0.0,0.0,0.0,0.0,0.1344130179175238,0.016801627239690475,True,0.0
161,k,-1.0,-1.0,0,0,5.652981207810291,2,0.0,14.663050651550293,0.0,0.0,0.0,0.0,0.0,0.1324076862295911,0.016550960778698887,True,0.0
162,k,-1.0,-1.0,0,0,5.669584681366415,2,0.0,14.796124458312988,0.0,0.0,0.0,0.0,0.0,0.13307394209317636,0.016634242761647045,True,0.0
163,k,-1.0,-1.0,0,0,5.686205385677632,2,0.0,14.929316520690918,0.0,0.0,0.0,0.0,0.0,0.13319209584238223,0.01664901198029778,True,0.0
164,k,-1.0,-1.0,0,0,5.7029364488726575,2,0.0,15.062817573547363,0.0,0.0,0.0,0.0,0.0,0.1335006084097614,0.016687576051220177,True,0.0
165,k,-1.0,-1.0,0,0,5.719556742927801,2,0.0,15.19605541229248,0.0,0.0,0.0,0.0,0.0,0.13323804452262777,0.016654755565328472,True,0.0
166,k,-1.0,-1.0,0,0,5.736186472872638,2,0.0,15.329231262207031,0.0,0.0,0.0,0.0,0.0,0.13317568559943993,0.01664696069992999,True,0.0
167,k,-1.0,-1.0,0,0,5.752885946349993,2,0.0,15.462630271911621,0.0,0.0,0.0,0.0,0.0,0.13339886490349073,0.01667485811293634,True,0.0
168,k,-1.0,-1.0,0,0,5.769550958317162,2,0.0,15.595904350280762,0.0,0.0,0.0,0.0,0.0,0.13327414705711504,0.01665926838213938,True,0.0
169,k,-1.0,-1.0,0,0,5.786212277979669,2,0.0,15.729214668273926,0.0,0.0,0.0,0.0,0.0,0.1333102495915881,0.016663781198948513,True,0.0
170,k,-1.0,-1.0,0,0,5.802883443787944,2,0.0,15.862550735473633,0.0,0.0,0.0,0.0,0.0,0.1333365059803029,0.01666706324753786,True,0.0
171,k,-1.0,-1.0,0,0,5.819498404514129,2,0.0,15.995697021484375,0.0,0.0,0.0,0.0,0.0,0.13314614716213669,0.016643268395267086,True,0.0
172,k,-1.0,-1.0,0,0,5.836185160053202,2,0.0,16.129121780395508,0.0,0.0,0.0,0.0,0.0,0.13342512129220552,0.01667814016152569,True,0.0
173,k,-1.0,-1.0,0,0,5.852816941278407,2,0.0,16.26228141784668,0.0,0.0,0.0,0.0,0.0,0.13315927535649053,0.016644909419561316,True,0.0
174,k,-1.0,-1.0,0,0,5.869534876279076,2,0.0,16.395761489868164,0.0,0.0,0.0,0.0,0.0,0.13348091611822355,0.016685114514777943,True,0.0
175,k,-1.0,-1.0,0,0,5.886147785724893,2,0.0,16.528911590576172,0.0,0.0,0.0,0.0,0.0,0.13314942921072515,0.016643678651340643,True,0.0
176,k,-1.0,-1.0,0,0,5.902828387422861,2,0.0,16.66230010986328,0.0,0.0,0.0,0.0,0.0,0.13338901875773246,0.016673627344716557,True,0.0
177,k,-1.0,-1.0,0,0,5.919507758352609,2,0.0,16.795574188232422,0.0,0.0,0.0,0.0,0.0,0.13327414705710794,0.016659268382138492,True,0.0
178,k,-1.0,-1.0,0,0,5.936167847246894,2,0.0,16.928943634033203,0.0,0.0,0.0,0.0,0.0,0.1333693264661946,0.016671165808274324,True,0.0
179,k,-1.0,-1.0,0,0,5.9528742950775015,2,0.0,17.062318801879883,0.0,0.0,0.0,0.0,0.0,0.1333758905633715,0.01667198632042144,True,0.0
180,k,-1.0,-1.0,0,0,5.969515101936326,2,0.0,17.19547462463379,0.0,0.0,0.0,0.0,0.0,0.13315599330790207,0.016644499163487758,True,0.0
181,k,-1.0,-1.0,0,0,5.986186678000674,2,0.0,17.32884979248047,0.0,0.0,0.0,0.0,0.0,0.1333758905633715,0.01667198632042144,True,0.0
182,k,-1.0,-1.0,0,0,6.002837741261341,2,0.0,17.462106704711914,0.0,0.0,0.0,0.0,0.0,0.13325773681416564,0.016657217101770705,True,0.0
183,k,-1.0,-1.0,0,0,6.019510958349983,2,0.0,17.59546661376953,0.0,0.0,0.0,0.0,0.0,0.1333594803204292,0.01666993504005365,True,0.0
184,k,-1.0,-1.0,0,0,6.036104175504266,2,0.0,17.728517532348633,0.0,0.0,0.0,0.0,0.0,0.13305096775305003,0.016631370969131254,True,0.0
185,k,-1.0,-1.0,0,0,6.052779033617203,2,0.0,17.861963272094727,0.0,0.0,0.0,0.0,0.0,0.13344481358374338,0.016680601697967923,True,0.0
186,k,-1.0,-1.0,0,0,6.069454712242288,2,0.0,17.99528694152832,0.0,0.0,0.0,0.0,0.0,0.13332337778594194,0.016665422223242743,True,0.0
187,k,-1.0,-1.0,0,0,6.086134493428108,2,0.0,18.128639221191406,0.0,0.0,0.0,0.0,0.0,0.1333529162232523,0.016669114527906537,True,0.0
188,k,-1.0,-1.0,0,0,6.102912325815527,2,0.0,18.26236343383789,0.0,0.0,0.0,0.0,0.0,0.13372378771381221,0.016715473464226527,True,0.0
